variant,model,accuracy,macro_f1,macro_precision,macro_recall,weighted_f1,weighted_precision,weighted_recall
text_no_lemma_no_stem_with_stopwords,LogisticRegression,0.6701607267645003,0.6099451507900894,0.595688436790439,0.6494215140208137,0.6851140781835536,0.7197629525178487,0.6701607267645003
text_lemma_no_stem_with_stopwords,LogisticRegression,0.6694619147449337,0.6082031963610911,0.5933240201215132,0.6478453613111873,0.6843499253131826,0.7189258147861299,0.6694619147449337
text_lemma_stem_with_stopwords,LogisticRegression,0.6694619147449337,0.6082031963610911,0.5933240201215132,0.6478453613111873,0.6843499253131826,0.7189258147861299,0.6694619147449337
text_no_lemma_no_stem_no_stopwords,LogisticRegression,0.6561844863731656,0.5942263973270274,0.582263197127586,0.6347065276252555,0.6733560044418486,0.713288183232202,0.6561844863731656
text_no_lemma_stem_with_stopwords,LogisticRegression,0.6568832983927324,0.590199070622592,0.5796527076339979,0.6253588998594398,0.674942462659128,0.7131729563841841,0.6568832983927324
text_lemma_no_stem_no_stopwords,LogisticRegression,0.6533892382948987,0.5899641893604182,0.5775739825176215,0.6289408252869725,0.6703241982245879,0.7088548196336485,0.6533892382948987
text_lemma_stem_no_stopwords,LogisticRegression,0.6533892382948987,0.5899641893604182,0.5775739825176215,0.6289408252869725,0.6703241982245879,0.7088548196336485,0.6533892382948987
text_no_lemma_stem_no_stopwords,LogisticRegression,0.6505939902166318,0.5858815235212004,0.5756855941338556,0.6240126135531278,0.6692772230836069,0.7108187902007882,0.6505939902166318
