variant,model,accuracy,macro_f1,macro_precision,macro_recall,weighted_f1,weighted_precision,weighted_recall
text_no_lemma_stem_with_stopwords,LogisticRegression,0.5793151642208246,0.47668719021140743,0.47460945664040183,0.48961509346533383,0.5992777880959497,0.6295735364283683,0.5793151642208246
text_lemma_no_stem_with_stopwords,LogisticRegression,0.5758211041229909,0.4755298799420682,0.4728958497169564,0.4898689095655757,0.5958107940178891,0.6272895368259935,0.5758211041229909
text_lemma_stem_with_stopwords,LogisticRegression,0.570230607966457,0.47113610177830295,0.46923218424634855,0.4853942675369381,0.5911193341290077,0.6241405860359306,0.570230607966457
text_no_lemma_no_stem_with_stopwords,LogisticRegression,0.5548567435359888,0.45108606481399643,0.4535421738053982,0.4607287407790787,0.5778312992326714,0.6118421574061579,0.5548567435359888
text_lemma_no_stem_no_stopwords,LogisticRegression,0.5324947589098532,0.4441822962652571,0.45008249597364963,0.4591175332701494,0.5617192655920311,0.6116288145845307,0.5324947589098532
text_lemma_stem_no_stopwords,LogisticRegression,0.5338923829489868,0.43952956094616685,0.4446457158778357,0.45194322242239054,0.5617657562599726,0.6070317462632221,0.5338923829489868
text_no_lemma_stem_no_stopwords,LogisticRegression,0.5248078266946191,0.4369337681993562,0.4455556739604054,0.44995448751196676,0.5552103112692052,0.6062789769185508,0.5248078266946191
text_no_lemma_no_stem_no_stopwords,LogisticRegression,0.5094339622641509,0.42053374136927674,0.4355519306844309,0.4301136323840636,0.543880567522869,0.6015040954345491,0.5094339622641509
